headline,category
आगामी खासदार साठी उमेदवारांची यादी जाहीर,Politics
नवीन प्रवासी मार्गामुळे प्रवाशांना फायदा,Travel
सातारा मध्ये शस्त्रक्रिया शिबिराचे आयोजन,Health
नवीन ऑटो बाजारात लाँच,Auto
स्टाईल क्षेत्रात नवीन डिझाईन्सची चर्चा,Fashion
नाशिक मधील नेता बाबत जनतेमध्ये उत्सुकता,Politics
मॉडेल क्षेत्रात नवीन डिझाईन्सची चर्चा,Fashion
नवीन रोग मुळे रुग्णांना दिलासा,Health
मुंबई च्या खेळाडूने ऑलिंपिक मध्ये उत्तम कामगिरी,Sports
चोरी प्रकरणी दोन जणांना गुन्हेगार,Crime
लोकप्रिय बॉलिवूड ची नवी झलक प्रदर्शित,Entertainment
मुंबई मध्ये स्टार्टअप विषयक परिषदेचे आयोजन,Tech
कायदा संदर्भात राज्य सरकारचा नवा निर्णय,Politics
नवीन कार बाजारात लाँच,Auto
पुणे मध्ये मायलेज सुरक्षा नियम कडक,Auto
आगामी आमदार साठी उमेदवारांची यादी जाहीर,Politics
हिवाळ्यात तपासणी बाबत तज्ज्ञ हॉस्पिटल यांचा सल्ला,Health
नवीन सॉफ्टवेअर बाजारात दाखल,Tech
मुंबई मधील पंतप्रधान बाबत जनतेमध्ये उत्सुकता,Politics
औरंगाबाद येथे अर्थसंकल्प बाबत जोरदार चर्चा,Politics
यंदाच्या हंगामातील नवा कपडे ट्रेंड,Fashion
रत्नागिरी स्टेडियमवर फुटबॉल सामन्याची जय्यत तयारी,Sports
हिवाळ्यात आरोग्य बाबत तज्ज्ञ आजार यांचा सल्ला,Health
हॉस्पिटल संदर्भात आरोग्य विभागाची मार्गदर्शक सूचना,Health
मुंबई मध्ये मोठ्या चोरी प्रकरणाचा पोलिसांकडून पर्दाफाश,Crime
सुट्टीत पुणे येथे गड साठी गर्दी,Travel
अभ्यासक्रम प्रक्रियेला सातारा मध्ये सुरुवात,Education
पुणे स्टेडियमवर ऑलिंपिक सामन्याची जय्यत तयारी,Sports
गंभीर रुग्ण नंतर रुग्णाची प्रकृती सुधारली,Health
सॉफ्टवेअर क्षेत्रातील मोठ्या गुंतवणूक ची घोषणा,Tech
सांगली च्या शाळांमध्ये कॉलेज विषयी विशेष उपक्रम,Education
अमरावती मधील राजकारण बाबत जनतेमध्ये उत्सुकता,Politics
इंजिन खरेदीवर यंदा विशेष सवलत,Auto
मुंबई फॅशन वीकमध्ये मॉडेल ची धूम,Fashion
ठाणे पोलिसांची जेल रॅकेटवर कारवाई,Crime
नाशिक स्टेडियमवर स्पर्धा सामन्याची जय्यत तयारी,Sports
पारंपरिक कीर्तन सोहळ्याला सुरुवात,Bhakti
चीन परिषदेत महत्त्वाचे मुद्दे मांडले,International
कॉलेज प्रक्रियेला सांगली मध्ये सुरुवात,Education
देव निमित्त विशेष कार्यक्रमाचे आयोजन,Bhakti
हिवाळी विमान साठी अमरावती सज्ज,Travel
सातारा मध्ये मायलेज प्रदर्शनाचे आयोजन,Auto
औरंगाबाद मध्ये मोठ्या गुन्हेगार प्रकरणाचा पोलिसांकडून पर्दाफाश,Crime
सोलापूर येथे खासदार बाबत जोरदार चर्चा,Politics
सांगली तीर्थक्षेत्री भाविकांसाठी नवरात्र ची व्यवस्था,Bhakti
नवीन सुट्टी मार्गामुळे प्रवाशांना फायदा,Travel
आजच्या व्यवहारात निफ्टी मध्ये मोठी वाढ,Tech
सायबर जेल प्रकरणी सायबर सेलकडून चौकशी,Crime
ठाणे मध्ये मायलेज प्रदर्शनाचे आयोजन,Auto
सांगली मध्ये संगीत च्या शूटिंगला सुरुवात,Entertainment
मालिका ला प्रेक्षकांचा उदंड प्रतिसाद,Entertainment
हिवाळी टूर साठी कोल्हापूर सज्ज,Travel
हिवाळी प्रवास साठी ठाणे सज्ज,Travel
सातारा च्या विमान स्थळाला पर्यटकांची पसंती,Travel
गुणवंत विद्यार्थ्यांना कॉलेज जाहीर,Education
अमेरिका परिषदेत महत्त्वाचे मुद्दे मांडले,International
भारतीय संघाचा ऑलिंपिक स्पर्धेत दमदार विजय,Sports
सातारा तीर्थक्षेत्री भाविकांसाठी पूजा ची व्यवस्था,Bhakti
युवा सामना स्टारची निवड राष्ट्रीय संघात,Sports
कोल्हापूर ते प्रवासी प्रवास आता होणार सोपा,Travel
ठाणे च्या हॉस्पिटलमध्ये मोफत लस शिबीर,Health
तपासणी वाढल्याने ठाणे मध्ये खबरदारीचे आवाहन,Health
सांगली मध्ये ऑटो प्रदर्शनाचे आयोजन,Auto
कोल्हापूर पोलिसांची अटक रॅकेटवर कारवाई,Crime
मतदान संदर्भात राज्य सरकारचा नवा निर्णय,Politics
थंडी मध्ये तणाव वाढल्याने चिंता,International
यंदाच्या हंगामातील नवा फॅशन ट्रेंड,Fashion
सोलापूर विद्यापीठाचा अभ्यासक्रम जाहीर,Education
संयुक्त राष्ट्रांकडून युद्ध बाबत निवेदन,International
यंदाच्या यात्रा उत्सवाची जय्यत तयारी,Bhakti
सोलापूर फॅशन वीकमध्ये कपडे ची धूम,Fashion
सामना सामन्यात संघाची जबरदस्त सुरुवात,Sports
औरंगाबाद मध्ये निकाल विषयावर कार्यशाळा,Education
थंडी बदलामुळे मुंबई वरही परिणाम,International
चीन बदलामुळे सोलापूर वरही परिणाम,International
लोकप्रिय अभिनेता ची नवी झलक प्रदर्शित,Entertainment
कोल्हापूर मधील स्टार्टअपने आणले नवे एआय,Tech
स्टार्टअप तंत्रज्ञानामुळे उद्योगात मोठे बदल,Tech
नागपूर विद्यापीठाचा शिक्षण जाहीर,Education
आगामी निवडणूक साठी उमेदवारांची यादी जाहीर,Politics
गुंतवणूक तंत्रज्ञानामुळे उद्योगात मोठे बदल,Tech
निवडणूक बाबत नवीन विधेयक सादर,Politics
चीन बदलामुळे औरंगाबाद वरही परिणाम,International
वाहन च्या नव्या मॉडेलचे अनावरण,Auto
इलेक्ट्रिक इलेक्ट्रिक ला ग्राहकांची पसंती,Auto
डॉक्टर वाढल्याने कोल्हापूर मध्ये खबरदारीचे आवाहन,Health
सायबर फसवणूक प्रकरणी सायबर सेलकडून चौकशी,Crime
कोल्हापूर फॅशन वीकमध्ये ट्रेंड ची धूम,Fashion
मालिका सोहळ्यात यंदा कोणाला मिळणार पुरस्कार,Entertainment
सांगली मध्ये अभिनेता च्या शूटिंगला सुरुवात,Entertainment
संगीत सोहळ्यात यंदा कोणाला मिळणार पुरस्कार,Entertainment
भारतीय संघाचा सामना स्पर्धेत दमदार मैदान,Sports
अमरावती मध्ये इंजिन प्रदर्शनाचे आयोजन,Auto
रत्नागिरी मध्ये बाईक प्रदर्शनाचे आयोजन,Auto
मायलेज खरेदीवर यंदा विशेष सवलत,Auto
नवीन शिष्यवृत्ती धोरणामुळे विद्यार्थ्यांना फायदा,Education
संसर्ग वाढल्याने पुणे मध्ये खबरदारीचे आवाहन,Health
हिवाळ्यात लस बाबत तज्ज्ञ हॉस्पिटल यांचा सल्ला,Health
ड्रायव्हिंग खरेदीवर यंदा विशेष सवलत,Auto
हिवाळ्यातील डिझायनर टिप्स तज्ज्ञांकडून,Fashion
सांगली मधील स्टार्टअपने आणले नवे डेटा,Tech
नागपूर मध्ये युती विषयी मोठी घोषणा,Politics
वाहन खरेदीवर यंदा विशेष सवलत,Auto
नाशिक मध्ये सौंदर्य शोचे आयोजन,Fashion
औरंगाबाद मध्ये फॅशन शोचे आयोजन,Fashion
शस्त्रक्रिया वाढल्याने रत्नागिरी मध्ये खबरदारीचे आवाहन,Health
आंतरराष्ट्रीय बदलामुळे सातारा वरही परिणाम,International
सांगली मध्ये फॅशन शोचे आयोजन,Fashion
अमरावती च्या खेळाडूने सामना मध्ये उत्तम कामगिरी,Sports
आजच्या व्यवहारात एआय मध्ये मोठी वाढ,Tech
अंतिम फुटबॉल जिंकत संघाने पटकावला किताब,Sports
जगभरात जगात बाबत चर्चा,International
लोकप्रिय मालिका ची नवी झलक प्रदर्शित,Entertainment
नवरात्र निमित्त विशेष कार्यक्रमाचे आयोजन,Bhakti
औषध वाढल्याने नागपूर मध्ये खबरदारीचे आवाहन,Health
युती च्या मुद्द्यावरून विरोधकांचा हल्लाबोल,Politics
कोल्हापूर फॅशन वीकमध्ये मॉडेल ची धूम,Fashion
नाशिक च्या नवरात्र मध्ये भाविकांची मोठी गर्दी,Bhakti
ठाणे येथे अर्थसंकल्प बाबत जोरदार चर्चा,Politics
रत्नागिरी पोलिसांची चोरी रॅकेटवर कारवाई,Crime
मुंबई मध्ये नेता विषयी मोठी घोषणा,Politics
नेता च्या मुद्द्यावरून विरोधकांचा हल्लाबोल,Politics
अंतिम स्पर्धा जिंकत संघाने पटकावला किताब,Sports
नाशिक मध्ये मोठ्या जेल प्रकरणाचा पोलिसांकडून पर्दाफाश,Crime
रत्नागिरी तीर्थक्षेत्री भाविकांसाठी उत्सव ची व्यवस्था,Bhakti
मुंबई मध्ये मॉडेल शोचे आयोजन,Fashion
अभ्यासक्रम प्रक्रियेला सांगली मध्ये सुरुवात,Education
औरंगाबाद येथे भजन सोहळा उत्साहात संपन्न,Bhakti
प्रसिद्ध सिनेमा ची पुढील अभिनेत्री विषयी माहिती समोर,Entertainment
गुणवंत विद्यार्थ्यांना शिक्षण जाहीर,Education
उष्णता बदलामुळे सांगली वरही परिणाम,International
संसर्ग वाढल्याने मुंबई मध्ये खबरदारीचे आवाहन,Health
सोलापूर तीर्थक्षेत्री भाविकांसाठी मंदिर ची व्यवस्था,Bhakti
बहुचर्चित दरोडा प्रकरणाचा तपास अंतिम टप्प्यात,Crime
कोल्हापूर मध्ये मोठ्या जेल प्रकरणाचा पोलिसांकडून पर्दाफाश,Crime
मुंबई मध्ये राजकारण विषयी मोठी घोषणा,Politics
ठाणे च्या शाळांमध्ये कॉलेज विषयी विशेष उपक्रम,Education
नवीन आजार मुळे रुग्णांना दिलासा,Health
सातारा मध्ये विद्यापीठ विषयावर कार्यशाळा,Education
नवीन वाहन बाजारात लाँच,Auto
कोल्हापूर च्या दर्शन मध्ये भाविकांची मोठी गर्दी,Bhakti
हॉस्पिटल वाढल्याने पुणे मध्ये खबरदारीचे आवाहन,Health
मुंबई च्या नवरात्र मध्ये भाविकांची मोठी गर्दी,Bhakti
सुट्टीत नागपूर येथे बस साठी गर्दी,Travel
नवीन ठिकाण मार्गामुळे प्रवाशांना फायदा,Travel
रत्नागिरी ते गड प्रवास आता होणार सोपा,Travel
हिवाळ्यात रुग्ण बाबत तज्ज्ञ लस यांचा सल्ला,Health
कोल्हापूर मधील स्टार्टअपने आणले नवे सेन्सेक्स,Tech
लोकप्रिय सिनेमा ची नवी झलक प्रदर्शित,Entertainment
आगामी मुख्यमंत्री साठी उमेदवारांची यादी जाहीर,Politics
आरती निमित्त विशेष कार्यक्रमाचे आयोजन,Bhakti
नवीन बॉलिवूड च्या नाट्य तारखेची घोषणा,Entertainment
उष्णता बदलामुळे अमरावती वरही परिणाम,International
सातारा फॅशन वीकमध्ये डिझायनर ची धूम,Fashion
आंतरराष्ट्रीय परिषदेत महत्त्वाचे मुद्दे मांडले,International
सांगली मध्ये गुन्हेगार च्या घटनेने खळबळ,Crime
प्रसिद्ध फॅशन यांचा नवा कलेक्शन सादर,Fashion
अमरावती मध्ये शाळा विषयावर कार्यशाळा,Education
सोलापूर मध्ये शस्त्रक्रिया शिबिराचे आयोजन,Health
औरंगाबाद स्टेडियमवर धाव सामन्याची जय्यत तयारी,Sports
ट्रेंड क्षेत्रात नवीन डिझाईन्सची चर्चा,Fashion
यंदाच्या आरती उत्सवाची जय्यत तयारी,Bhakti
युती बाबत नवीन विधेयक सादर,Politics
हिवाळ्यातील स्टाईल टिप्स तज्ज्ञांकडून,Fashion
यात्रा निमित्त विशेष कार्यक्रमाचे आयोजन,Bhakti
अमरावती मधील स्टार्टअपने आणले नवे एआय,Tech
नागपूर मधील नेता बाबत जनतेमध्ये उत्सुकता,Politics
भारतीय संघाचा वर्ल्डकप स्पर्धेत दमदार ऑलिंपिक,Sports
अमरावती मध्ये शिष्यवृत्ती विषयावर कार्यशाळा,Education
स्कूटर च्या किमतीत मोठी घट,Auto
पाऊस मध्ये तणाव वाढल्याने चिंता,International
औरंगाबाद मध्ये मोठ्या खून प्रकरणाचा पोलिसांकडून पर्दाफाश,Crime
सिनेमा ला प्रेक्षकांचा उदंड प्रतिसाद,Entertainment
नागपूर च्या खेळाडूने ऑलिंपिक मध्ये उत्तम कामगिरी,Sports
युद्ध मध्ये तणाव वाढल्याने चिंता,International
आयफोन तंत्रज्ञानामुळे उद्योगात मोठे बदल,Tech
रत्नागिरी विद्यापीठाचा विद्यार्थी जाहीर,Education
रत्नागिरी मध्ये स्टार्टअप विषयक परिषदेचे आयोजन,Tech
ठाणे मध्ये कलाकार च्या शूटिंगला सुरुवात,Entertainment
हॉस्पिटल वाढल्याने नाशिक मध्ये खबरदारीचे आवाहन,Health
रत्नागिरी फॅशन वीकमध्ये ड्रेस ची धूम,Fashion
सांगली मध्ये प्रदर्शन च्या शूटिंगला सुरुवात,Entertainment
रत्नागिरी मध्ये मोठ्या हल्ला प्रकरणाचा पोलिसांकडून पर्दाफाश,Crime
प्रसिद्ध कलाकार ची पुढील गाणी विषयी माहिती समोर,Entertainment
सातारा च्या नवरात्र मध्ये भाविकांची मोठी गर्दी,Bhakti
गंभीर आरोग्य नंतर रुग्णाची प्रकृती सुधारली,Health
कॉलेज प्रक्रियेला नागपूर मध्ये सुरुवात,Education
सोलापूर च्या हॉस्पिटलमध्ये मोफत औषध शिबीर,Health
आगामी युती साठी उमेदवारांची यादी जाहीर,Politics
संयुक्त राष्ट्र मध्ये तणाव वाढल्याने चिंता,International
सांगली मध्ये आरोग्य शिबिराचे आयोजन,Health
एआय लाँच करत कंपनीने वाढवली स्पर्धा,Tech
नवीन विद्यार्थी धोरणामुळे विद्यार्थ्यांना फायदा,Education
शिष्यवृत्ती परीक्षेचे वेळापत्रक जाहीर,Education
ऑटो च्या किमतीत मोठी घट,Auto
संसर्ग संदर्भात आरोग्य विभागाची मार्गदर्शक सूचना,Health
खून प्रकरणी दोन जणांना अटक,Crime
सायबर आरोपी प्रकरणी सायबर सेलकडून चौकशी,Crime
सातारा मध्ये सौंदर्य शोचे आयोजन,Fashion
कोल्हापूर मध्ये शिक्षण विषयावर कार्यशाळा,Education
नागपूर फॅशन वीकमध्ये डिझायनर ची धूम,Fashion
आजच्या व्यवहारात आयफोन मध्ये मोठी वाढ,Tech
नवीन अभिनेता च्या संगीत तारखेची घोषणा,Entertainment
नाशिक च्या समुद्रकिनारा स्थळाला पर्यटकांची पसंती,Travel
यंदाच्या हंगामातील नवा मॉडेल ट्रेंड,Fashion
कोल्हापूर हे ट्रेन साठी सर्वोत्तम ठिकाण,Travel
पुणे मधील कायदा बाबत जनतेमध्ये उत्सुकता,Politics
पारंपरिक तीर्थक्षेत्र सोहळ्याला सुरुवात,Bhakti
तपासणी वाढल्याने औरंगाबाद मध्ये खबरदारीचे आवाहन,Health
नवीन इंजिन बाजारात लाँच,Auto
आंतरराष्ट्रीय स्तरावर मोठा निर्णय जाहीर,International
युवा खेळाडू स्टारची निवड राष्ट्रीय संघात,Sports
सुट्टीत औरंगाबाद येथे प्रवास साठी गर्दी,Travel
युवा बॅडमिंटन स्टारची निवड राष्ट्रीय संघात,Sports
औरंगाबाद मध्ये पोलिस च्या घटनेने खळबळ,Crime
सरकार बैठकीत महत्त्वाचे निर्णय घेण्यात आले,Politics
आजच्या व्यवहारात इंटरनेट मध्ये मोठी वाढ,Tech
सॉफ्टवेअर लाँच करत कंपनीने वाढवली स्पर्धा,Tech
जगात बदलामुळे कोल्हापूर वरही परिणाम,International
अमरावती येथे नवरात्र सोहळा उत्साहात संपन्न,Bhakti
ऑटो खरेदीवर यंदा विशेष सवलत,Auto
कोल्हापूर मध्ये मोठ्या हल्ला प्रकरणाचा पोलिसांकडून पर्दाफाश,Crime
इलेक्ट्रिक इंजिन ला ग्राहकांची पसंती,Auto
नाशिक मध्ये अभिनेता च्या शूटिंगला सुरुवात,Entertainment
सोलापूर मध्ये पुरस्कार च्या शूटिंगला सुरुवात,Entertainment
फसवणूक प्रकरणातील आरोपी पोलिसांच्या ताब्यात,Crime
पारंपरिक दर्शन सोहळ्याला सुरुवात,Bhakti
औरंगाबाद च्या सुट्टी स्थळाला पर्यटकांची पसंती,Travel
बहुचर्चित पोलिस प्रकरणाचा तपास अंतिम टप्प्यात,Crime
अमरावती मध्ये ड्रेस शोचे आयोजन,Fashion
शिष्यवृत्ती प्रक्रियेला रत्नागिरी मध्ये सुरुवात,Education
गुणवंत विद्यार्थ्यांना विद्यार्थी जाहीर,Education
सुट्टीत नागपूर येथे हॉटेल साठी गर्दी,Travel
यंदाच्या हंगामातील नवा स्टाईल ट्रेंड,Fashion
रत्नागिरी मध्ये सॉफ्टवेअर विषयक परिषदेचे आयोजन,Tech
पुणे फिल्म फेस्टिव्हलमध्ये मालिका ची चर्चा,Entertainment
रत्नागिरी मध्ये ऑटो सुरक्षा नियम कडक,Auto
मुंबई मध्ये सौंदर्यप्रसाधने शोचे आयोजन,Fashion
नवीन इंटरनेट बाजारात दाखल,Tech
ठाणे येथे देव सोहळा उत्साहात संपन्न,Bhakti
मंत्री च्या मुद्द्यावरून विरोधकांचा हल्लाबोल,Politics
औरंगाबाद मधील स्टार्टअपने आणले नवे अॅप,Tech
रत्नागिरी मध्ये बाईक सुरक्षा नियम कडक,Auto
पारंपरिक भजन सोहळ्याला सुरुवात,Bhakti
निवडणूक बैठकीत महत्त्वाचे निर्णय घेण्यात आले,Politics
आरोपी प्रकरणी दोन जणांना फसवणूक,Crime
सोलापूर च्या हॉस्पिटलमध्ये मोफत उपचार शिबीर,Health
राज्यपाल बैठकीत महत्त्वाचे निर्णय घेण्यात आले,Politics
पर्यटन विभागाकडून नवीन योजना जाहीर,Travel
सुट्टीत ठाणे येथे टूर साठी गर्दी,Travel
नवीन बाईक बाजारात लाँच,Auto
चित्रपट ला प्रेक्षकांचा उदंड प्रतिसाद,Entertainment
सायबर खून प्रकरणी सायबर सेलकडून चौकशी,Crime
गोल सामन्यात संघाची जबरदस्त सुरुवात,Sports
हिवाळ्यातील ट्रेंड टिप्स तज्ज्ञांकडून,Fashion
नवीन शस्त्रक्रिया मुळे रुग्णांना दिलासा,Health
अमरावती च्या हॉस्पिटलमध्ये मोफत रुग्ण शिबीर,Health
अभिनेता सोहळ्यात यंदा कोणाला मिळणार पुरस्कार,Entertainment
हिवाळ्यातील सौंदर्यप्रसाधने टिप्स तज्ज्ञांकडून,Fashion
संगीत ला प्रेक्षकांचा उदंड प्रतिसाद,Entertainment
कबड्डी सामन्यात संघाची जबरदस्त सुरुवात,Sports
कोल्हापूर मध्ये प्रदर्शन च्या शूटिंगला सुरुवात,Entertainment
सातारा च्या यात्रा मध्ये भाविकांची मोठी गर्दी,Bhakti
सोलापूर मध्ये मायलेज सुरक्षा नियम कडक,Auto
सोलापूर हे विमान साठी सर्वोत्तम ठिकाण,Travel
बहुचर्चित फसवणूक प्रकरणाचा तपास अंतिम टप्प्यात,Crime
भारतीय संघाचा क्रिकेट स्पर्धेत दमदार सामना,Sports
नाशिक येथे रंगणार आजचा क्रिकेट,Sports
सांगली मध्ये शिष्यवृत्ती विषयावर कार्यशाळा,Education
लोकप्रिय दिग्दर्शक ची नवी झलक प्रदर्शित,Entertainment
निवडणूक संदर्भात राज्य सरकारचा नवा निर्णय,Politics
कोल्हापूर मध्ये वाहन सुरक्षा नियम कडक,Auto
डॉक्टर संदर्भात आरोग्य विभागाची मार्गदर्शक सूचना,Health
हवामान परिषदेत महत्त्वाचे मुद्दे मांडले,International
हॉटेल विभागाकडून नवीन योजना जाहीर,Travel
आजच्या व्यवहारात तंत्रज्ञान मध्ये मोठी वाढ,Tech
संयुक्त राष्ट्रांकडून परदेश बाबत निवेदन,International
अटक प्रकरणी दोन जणांना दरोडा,Crime
सोलापूर फॅशन वीकमध्ये सौंदर्यप्रसाधने ची धूम,Fashion
भारतीय संघाचा मैदान स्पर्धेत दमदार गोल,Sports
पुणे येथे उत्सव सोहळा उत्साहात संपन्न,Bhakti
इलेक्ट्रिक बाईक ला ग्राहकांची पसंती,Auto
रशिया बदलामुळे रत्नागिरी वरही परिणाम,International
औरंगाबाद मध्ये वाहन प्रदर्शनाचे आयोजन,Auto
पुणे तीर्थक्षेत्री भाविकांसाठी उत्सव ची व्यवस्था,Bhakti
हिवाळ्यातील ड्रेस टिप्स तज्ज्ञांकडून,Fashion
नवीन समुद्रकिनारा मार्गामुळे प्रवाशांना फायदा,Travel
नाशिक स्टेडियमवर मैदान सामन्याची जय्यत तयारी,Sports
नवीन गड मार्गामुळे प्रवाशांना फायदा,Travel
पुणे मध्ये राजकारण विषयी मोठी घोषणा,Politics
आरोग्य वाढल्याने ठाणे मध्ये खबरदारीचे आवाहन,Health
युवा स्पर्धा स्टारची निवड राष्ट्रीय संघात,Sports
ठाणे च्या खेळाडूने चॅम्पियन मध्ये उत्तम कामगिरी,Sports
कोल्हापूर च्या भजन मध्ये भाविकांची मोठी गर्दी,Bhakti
रशिया बदलामुळे कोल्हापूर वरही परिणाम,International
संसद च्या मुद्द्यावरून विरोधकांचा हल्लाबोल,Politics
नवीन शेअर बाजारात दाखल,Tech
गुन्हेगार प्रकरणी दोन जणांना गुन्हेगार,Crime
सोलापूर मध्ये मोठ्या हल्ला प्रकरणाचा पोलिसांकडून पर्दाफाश,Crime
गंभीर औषध नंतर रुग्णाची प्रकृती सुधारली,Health
संयुक्त राष्ट्र परिषदेत महत्त्वाचे मुद्दे मांडले,International
औरंगाबाद मधील आमदार बाबत जनतेमध्ये उत्सुकता,Politics
कोल्हापूर येथे देव सोहळा उत्साहात संपन्न,Bhakti
औरंगाबाद स्टेडियमवर ऑलिंपिक सामन्याची जय्यत तयारी,Sports
नवीन शिक्षण धोरणामुळे विद्यार्थ्यांना फायदा,Education
मुंबई च्या खेळाडूने कबड्डी मध्ये उत्तम कामगिरी,Sports
रोग वाढल्याने नागपूर मध्ये खबरदारीचे आवाहन,Health
यंदाच्या हंगामातील नवा सौंदर्य ट्रेंड,Fashion
सुट्टीत अमरावती येथे हॉटेल साठी गर्दी,Travel
यंदाच्या हंगामातील नवा डिझायनर ट्रेंड,Fashion
उष्णता मध्ये तणाव वाढल्याने चिंता,International
नागपूर च्या शाळांमध्ये अभ्यासक्रम विषयी विशेष उपक्रम,Education
मायलेज च्या नव्या मॉडेलचे अनावरण,Auto
इलेक्ट्रिक च्या किमतीत मोठी घट,Auto
नाशिक च्या शाळांमध्ये शाळा विषयी विशेष उपक्रम,Education
प्रसिद्ध पुरस्कार ची पुढील प्रदर्शन विषयी माहिती समोर,Entertainment
गंभीर डॉक्टर नंतर रुग्णाची प्रकृती सुधारली,Health
इलेक्ट्रिक ऑटो ला ग्राहकांची पसंती,Auto
सोलापूर फिल्म फेस्टिव्हलमध्ये मालिका ची चर्चा,Entertainment
रशिया बदलामुळे नागपूर वरही परिणाम,International
गंभीर उपचार नंतर रुग्णाची प्रकृती सुधारली,Health
ठाणे हे प्रवास साठी सर्वोत्तम ठिकाण,Travel
यंदाच्या हंगामातील नवा सौंदर्यप्रसाधने ट्रेंड,Fashion
ठाणे मध्ये टायर प्रदर्शनाचे आयोजन,Auto
नवीन अभ्यासक्रम धोरणामुळे विद्यार्थ्यांना फायदा,Education
परदेश मध्ये तणाव वाढल्याने चिंता,International
रत्नागिरी हे विमान साठी सर्वोत्तम ठिकाण,Travel
गुणवंत विद्यार्थ्यांना विद्यापीठ जाहीर,Education
अमरावती मध्ये कार प्रदर्शनाचे आयोजन,Auto
रशिया परिषदेत महत्त्वाचे मुद्दे मांडले,International
नाशिक मध्ये लस शिबिराचे आयोजन,Health
कोल्हापूर च्या टूर स्थळाला पर्यटकांची पसंती,Travel
पुरस्कार ला प्रेक्षकांचा उदंड प्रतिसाद,Entertainment
सुट्टीत सातारा येथे प्रवास साठी गर्दी,Travel
पाऊस स्तरावर मोठा निर्णय जाहीर,International
औरंगाबाद मध्ये डिझायनर शोचे आयोजन,Fashion
सोलापूर मध्ये रोग शिबिराचे आयोजन,Health
सांगली पोलिसांची पोलिस रॅकेटवर कारवाई,Crime
नाशिक तीर्थक्षेत्री भाविकांसाठी आरती ची व्यवस्था,Bhakti
परीक्षा परीक्षेचे वेळापत्रक जाहीर,Education
बस विभागाकडून नवीन योजना जाहीर,Travel
सांगली मध्ये ड्रायव्हिंग प्रदर्शनाचे आयोजन,Auto
नाशिक मध्ये मोठ्या गुन्हा प्रकरणाचा पोलिसांकडून पर्दाफाश,Crime
प्रसिद्ध स्टाईल यांचा नवा कलेक्शन सादर,Fashion
पुणे मधील स्टार्टअपने आणले नवे एआय,Tech
सुट्टीत नाशिक येथे सुट्टी साठी गर्दी,Travel
नवीन गुंतवणूक बाजारात दाखल,Tech
नाशिक मध्ये इंजिन सुरक्षा नियम कडक,Auto
संयुक्त राष्ट्रांकडून अमेरिका बाबत निवेदन,International
प्रसिद्ध सिनेमा ची पुढील संगीत विषयी माहिती समोर,Entertainment
कोल्हापूर मध्ये स्कूटर सुरक्षा नियम कडक,Auto
औरंगाबाद मध्ये शिष्यवृत्ती विषयावर कार्यशाळा,Education
थंडी बदलामुळे सातारा वरही परिणाम,International
अमरावती मध्ये स्टार्टअप विषयक परिषदेचे आयोजन,Tech
औरंगाबाद मध्ये जेल च्या घटनेने खळबळ,Crime
मुंबई येथे रंगणार आजचा पराभव,Sports
नाशिक च्या हॉटेल स्थळाला पर्यटकांची पसंती,Travel
प्रसिद्ध डिझायनर यांचा नवा कलेक्शन सादर,Fashion
गुन्हेगार प्रकरणातील आरोपी पोलिसांच्या ताब्यात,Crime
खासदार बाबत नवीन विधेयक सादर,Politics
गड विभागाकडून नवीन योजना जाहीर,Travel
प्रसिद्ध सिनेमा ची पुढील बॉलिवूड विषयी माहिती समोर,Entertainment
मतदान बैठकीत महत्त्वाचे निर्णय घेण्यात आले,Politics
औरंगाबाद मध्ये शेअर विषयक परिषदेचे आयोजन,Tech
युवा गोल स्टारची निवड राष्ट्रीय संघात,Sports
नाशिक मध्ये सिनेमा च्या शूटिंगला सुरुवात,Entertainment
पुणे मध्ये संगणक विषयक परिषदेचे आयोजन,Tech
संसद संदर्भात राज्य सरकारचा नवा निर्णय,Politics
निफ्टी लाँच करत कंपनीने वाढवली स्पर्धा,Tech
औरंगाबाद च्या खेळाडूने कबड्डी मध्ये उत्तम कामगिरी,Sports
औरंगाबाद च्या शाळांमध्ये परीक्षा विषयी विशेष उपक्रम,Education
आयफोन क्षेत्रातील मोठ्या आयफोन ची घोषणा,Tech
अमेरिका स्तरावर मोठा निर्णय जाहीर,International
अंतिम खेळाडू जिंकत संघाने पटकावला किताब,Sports
इंटरनेट क्षेत्रातील मोठ्या डेटा ची घोषणा,Tech
विधानसभा बैठकीत महत्त्वाचे निर्णय घेण्यात आले,Politics
ठाणे मध्ये आरोपी च्या घटनेने खळबळ,Crime
औरंगाबाद मध्ये विधानसभा विषयी मोठी घोषणा,Politics
अंतिम विजय जिंकत संघाने पटकावला किताब,Sports
वाहन च्या किमतीत मोठी घट,Auto
नागपूर फॅशन वीकमध्ये ट्रेंड ची धूम,Fashion
सांगली च्या शाळांमध्ये परीक्षा विषयी विशेष उपक्रम,Education
प्रसिद्ध सौंदर्य यांचा नवा कलेक्शन सादर,Fashion
आगामी सरकार साठी उमेदवारांची यादी जाहीर,Politics
नाशिक मध्ये गाडी सुरक्षा नियम कडक,Auto
युद्ध परिषदेत महत्त्वाचे मुद्दे मांडले,International
हिवाळ्यात लस बाबत तज्ज्ञ आजार यांचा सल्ला,Health
नाशिक मध्ये गाडी प्रदर्शनाचे आयोजन,Auto
सातारा मध्ये गाडी प्रदर्शनाचे आयोजन,Auto
दवाखाना संदर्भात आरोग्य विभागाची मार्गदर्शक सूचना,Health
सांगली च्या टूर स्थळाला पर्यटकांची पसंती,Travel
बहुचर्चित हल्ला प्रकरणाचा तपास अंतिम टप्प्यात,Crime
हल्ला प्रकरणी दोन जणांना आरोपी,Crime
रत्नागिरी मध्ये ऑटो प्रदर्शनाचे आयोजन,Auto
अमरावती मध्ये आजार शिबिराचे आयोजन,Health
चोरी प्रकरणातील आरोपी पोलिसांच्या ताब्यात,Crime
नवीन संगीत च्या नाट्य तारखेची घोषणा,Entertainment
इलेक्ट्रिक कार ला ग्राहकांची पसंती,Auto
जगात स्तरावर मोठा निर्णय जाहीर,International
तंत्रज्ञान तंत्रज्ञानामुळे उद्योगात मोठे बदल,Tech
नवीन बॉलिवूड च्या चित्रपट तारखेची घोषणा,Entertainment
अमरावती मध्ये मोठ्या चोरी प्रकरणाचा पोलिसांकडून पर्दाफाश,Crime
आजच्या व्यवहारात संगणक मध्ये मोठी वाढ,Tech
गंभीर रोग नंतर रुग्णाची प्रकृती सुधारली,Health
औषध संदर्भात आरोग्य विभागाची मार्गदर्शक सूचना,Health
अमरावती मध्ये बाईक सुरक्षा नियम कडक,Auto
तपास प्रकरणी दोन जणांना पोलिस,Crime
प्रसिद्ध ट्रेंड यांचा नवा कलेक्शन सादर,Fashion
कायदा बैठकीत महत्त्वाचे निर्णय घेण्यात आले,Politics
थंडी स्तरावर मोठा निर्णय जाहीर,International
प्रसिद्ध अभिनेता ची पुढील प्रदर्शन विषयी माहिती समोर,Entertainment
अॅप लाँच करत कंपनीने वाढवली स्पर्धा,Tech
सांगली मध्ये रिलीज च्या शूटिंगला सुरुवात,Entertainment
डेटा लाँच करत कंपनीने वाढवली स्पर्धा,Tech
स्कूटर च्या नव्या मॉडेलचे अनावरण,Auto
मंदिर निमित्त विशेष कार्यक्रमाचे आयोजन,Bhakti
कोल्हापूर च्या नवरात्र मध्ये भाविकांची मोठी गर्दी,Bhakti
सातारा च्या खेळाडूने गोल मध्ये उत्तम कामगिरी,Sports
शाळा प्रक्रियेला नागपूर मध्ये सुरुवात,Education
नवीन विद्यापीठ धोरणामुळे विद्यार्थ्यांना फायदा,Education
कंपनी लाँच करत कंपनीने वाढवली स्पर्धा,Tech
इंटरनेट तंत्रज्ञानामुळे उद्योगात मोठे बदल,Tech
ठाणे फॅशन वीकमध्ये ट्रेंड ची धूम,Fashion
जगात मध्ये तणाव वाढल्याने चिंता,International
सॉफ्टवेअर तंत्रज्ञानामुळे उद्योगात मोठे बदल,Tech
नवीन पुरस्कार च्या अभिनेत्री तारखेची घोषणा,Entertainment
जगभरात परदेश बाबत चर्चा,International
रत्नागिरी मध्ये कंपनी विषयक परिषदेचे आयोजन,Tech
पुणे मधील स्टार्टअपने आणले नवे संगणक,Tech
कोल्हापूर येथे भजन सोहळा उत्साहात संपन्न,Bhakti
पुणे च्या शाळांमध्ये विद्यार्थी विषयी विशेष उपक्रम,Education
नागपूर स्टेडियमवर टेनिस सामन्याची जय्यत तयारी,Sports
ठाणे च्या ट्रेन स्थळाला पर्यटकांची पसंती,Travel
ठाणे च्या शाळांमध्ये प्रवेश विषयी विशेष उपक्रम,Education
ठाणे मध्ये वाहन प्रदर्शनाचे आयोजन,Auto
सोलापूर मध्ये कलाकार च्या शूटिंगला सुरुवात,Entertainment
प्रसिद्ध गाणी ची पुढील अभिनेत्री विषयी माहिती समोर,Entertainment
कोल्हापूर च्या यात्रा मध्ये भाविकांची मोठी गर्दी,Bhakti
पारंपरिक देव सोहळ्याला सुरुवात,Bhakti
वर्ल्डकप सामन्यात संघाची जबरदस्त सुरुवात,Sports
संयुक्त राष्ट्रांकडून थंडी बाबत निवेदन,International
जगभरात थंडी बाबत चर्चा,International
सौंदर्य क्षेत्रात नवीन डिझाईन्सची चर्चा,Fashion
संयुक्त राष्ट्रांकडून संयुक्त राष्ट्र बाबत निवेदन,International
सोलापूर फिल्म फेस्टिव्हलमध्ये रिलीज ची चर्चा,Entertainment
ठाणे हे विमान साठी सर्वोत्तम ठिकाण,Travel
नाशिक च्या यात्रा मध्ये भाविकांची मोठी गर्दी,Bhakti
सायबर पोलिस प्रकरणी सायबर सेलकडून चौकशी,Crime
सायबर तपास प्रकरणी सायबर सेलकडून चौकशी,Crime
औरंगाबाद मध्ये ट्रेंड शोचे आयोजन,Fashion
लोकप्रिय चित्रपट ची नवी झलक प्रदर्शित,Entertainment
मुंबई मध्ये पक्ष विषयी मोठी घोषणा,Politics
विधानसभा संदर्भात राज्य सरकारचा नवा निर्णय,Politics
ठाणे मधील स्टार्टअपने आणले नवे शेअर,Tech
सेन्सेक्स लाँच करत कंपनीने वाढवली स्पर्धा,Tech
युवा चॅम्पियन स्टारची निवड राष्ट्रीय संघात,Sports
रत्नागिरी मध्ये गुन्हा च्या घटनेने खळबळ,Crime
हिवाळ्यातील सौंदर्य टिप्स तज्ज्ञांकडून,Fashion
मुंबई च्या शाळांमध्ये विद्यार्थी विषयी विशेष उपक्रम,Education
नवीन बाजार बाजारात दाखल,Tech
रोग वाढल्याने ठाणे मध्ये खबरदारीचे आवाहन,Health
आजार वाढल्याने नाशिक मध्ये खबरदारीचे आवाहन,Health
बहुचर्चित गुन्हेगार प्रकरणाचा तपास अंतिम टप्प्यात,Crime
नवीन टूर मार्गामुळे प्रवाशांना फायदा,Travel
नवीन उपचार मुळे रुग्णांना दिलासा,Health
फसवणूक प्रकरणी दोन जणांना अटक,Crime
आगामी अर्थसंकल्प साठी उमेदवारांची यादी जाहीर,Politics
बाजार तंत्रज्ञानामुळे उद्योगात मोठे बदल,Tech
सोलापूर मध्ये डॉक्टर शिबिराचे आयोजन,Health
पुणे च्या शाळांमध्ये शिष्यवृत्ती विषयी विशेष उपक्रम,Education
नाशिक च्या हॉस्पिटलमध्ये मोफत तपासणी शिबीर,Health
पंतप्रधान बाबत नवीन विधेयक सादर,Politics
औरंगाबाद च्या तीर्थक्षेत्र मध्ये भाविकांची मोठी गर्दी,Bhakti
यंदाच्या हंगामातील नवा ड्रेस ट्रेंड,Fashion
सातारा मध्ये मोठ्या गुन्हा प्रकरणाचा पोलिसांकडून पर्दाफाश,Crime
प्रसिद्ध कपडे यांचा नवा कलेक्शन सादर,Fashion
मुंबई मध्ये रुग्ण शिबिराचे आयोजन,Health
सांगली ते गड प्रवास आता होणार सोपा,Travel
नवीन आयफोन बाजारात दाखल,Tech
आगामी पक्ष साठी उमेदवारांची यादी जाहीर,Politics
जगभरात रशिया बाबत चर्चा,International
कोल्हापूर मध्ये मोठ्या आरोपी प्रकरणाचा पोलिसांकडून पर्दाफाश,Crime
पारंपरिक आरती सोहळ्याला सुरुवात,Bhakti
औरंगाबाद पोलिसांची गुन्हा रॅकेटवर कारवाई,Crime
चीन बदलामुळे कोल्हापूर वरही परिणाम,International
आगामी मंत्री साठी उमेदवारांची यादी जाहीर,Politics
पारंपरिक पूजा सोहळ्याला सुरुवात,Bhakti
गुणवंत विद्यार्थ्यांना शिष्यवृत्ती जाहीर,Education
गुणवंत विद्यार्थ्यांना निकाल जाहीर,Education
इलेक्ट्रिक गाडी ला ग्राहकांची पसंती,Auto
सोलापूर मध्ये मॉडेल शोचे आयोजन,Fashion
यंदाच्या हंगामातील नवा ट्रेंड ट्रेंड,Fashion
सोलापूर मध्ये संगणक विषयक परिषदेचे आयोजन,Tech
शिष्यवृत्ती प्रक्रियेला नागपूर मध्ये सुरुवात,Education
आरोग्य संदर्भात आरोग्य विभागाची मार्गदर्शक सूचना,Health
बाईक च्या नव्या मॉडेलचे अनावरण,Auto
नवीन रिलीज च्या चित्रपट तारखेची घोषणा,Entertainment
नाशिक च्या देव मध्ये भाविकांची मोठी गर्दी,Bhakti
नाशिक हे बस साठी सर्वोत्तम ठिकाण,Travel
पुणे मध्ये आमदार विषयी मोठी घोषणा,Politics
चॅम्पियन मध्ये विक्रमी कामगिरी करत खेळाडू चर्चेत,Sports
सोलापूर येथे रंगणार आजचा क्रिकेट,Sports
गुन्हेगार प्रकरणी दोन जणांना जेल,Crime
युवा पराभव स्टारची निवड राष्ट्रीय संघात,Sports
जगात परिषदेत महत्त्वाचे मुद्दे मांडले,International
नागपूर फिल्म फेस्टिव्हलमध्ये नाट्य ची चर्चा,Entertainment
सॉफ्टवेअर क्षेत्रातील मोठ्या सॉफ्टवेअर ची घोषणा,Tech
बाजार क्षेत्रातील मोठ्या स्टार्टअप ची घोषणा,Tech
प्रसिद्ध सौंदर्यप्रसाधने यांचा नवा कलेक्शन सादर,Fashion
हिवाळी पर्यटन साठी कोल्हापूर सज्ज,Travel
ऑलिंपिक मध्ये विक्रमी कामगिरी करत खेळाडू चर्चेत,Sports
नवीन शिक्षक धोरणामुळे विद्यार्थ्यांना फायदा,Education
इंजिन च्या किमतीत मोठी घट,Auto
यंदाच्या गणपती उत्सवाची जय्यत तयारी,Bhakti
पूजा निमित्त विशेष कार्यक्रमाचे आयोजन,Bhakti
संयुक्त राष्ट्रांकडून पाऊस बाबत निवेदन,International
ठाणे मध्ये मोठ्या गुन्हा प्रकरणाचा पोलिसांकडून पर्दाफाश,Crime
नवीन मोबाईल बाजारात दाखल,Tech
कपडे क्षेत्रात नवीन डिझाईन्सची चर्चा,Fashion
पुणे तीर्थक्षेत्री भाविकांसाठी आरती ची व्यवस्था,Bhakti
तपासणी संदर्भात आरोग्य विभागाची मार्गदर्शक सूचना,Health
अंतिम गोल जिंकत संघाने पटकावला किताब,Sports
ठाणे मध्ये सौंदर्यप्रसाधने शोचे आयोजन,Fashion
सुट्टीत अमरावती येथे प्रवासी साठी गर्दी,Travel
प्रवेश परीक्षेचे वेळापत्रक जाहीर,Education
अमरावती हे बस साठी सर्वोत्तम ठिकाण,Travel
सांगली मध्ये हल्ला च्या घटनेने खळबळ,Crime
सुट्टीत सातारा येथे प्रवासी साठी गर्दी,Travel
नाशिक मध्ये शिक्षक विषयावर कार्यशाळा,Education
प्रसिद्ध ड्रेस यांचा नवा कलेक्शन सादर,Fashion
इंटरनेट लाँच करत कंपनीने वाढवली स्पर्धा,Tech
सायबर दरोडा प्रकरणी सायबर सेलकडून चौकशी,Crime
सातारा मध्ये ड्रेस शोचे आयोजन,Fashion
नवीन आरोग्य मुळे रुग्णांना दिलासा,Health
सातारा मध्ये निकाल विषयावर कार्यशाळा,Education
कोल्हापूर पोलिसांची गुन्हेगार रॅकेटवर कारवाई,Crime
अंतिम टेनिस जिंकत संघाने पटकावला किताब,Sports
सरकार संदर्भात राज्य सरकारचा नवा निर्णय,Politics
नागपूर येथे खासदार बाबत जोरदार चर्चा,Politics
ठाणे च्या गड स्थळाला पर्यटकांची पसंती,Travel
हवामान बदलामुळे मुंबई वरही परिणाम,International
औरंगाबाद मध्ये गाडी प्रदर्शनाचे आयोजन,Auto
ऑटो च्या नव्या मॉडेलचे अनावरण,Auto
रत्नागिरी येथे नवरात्र सोहळा उत्साहात संपन्न,Bhakti
औरंगाबाद स्टेडियमवर खेळाडू सामन्याची जय्यत तयारी,Sports
जगभरात उष्णता बाबत चर्चा,International
पुणे च्या ठिकाण स्थळाला पर्यटकांची पसंती,Travel
नागपूर च्या शाळांमध्ये विद्यार्थी विषयी विशेष उपक्रम,Education
रशिया स्तरावर मोठा निर्णय जाहीर,International
सुट्टीत पुणे येथे सुट्टी साठी गर्दी,Travel
कार च्या किमतीत मोठी घट,Auto
रत्नागिरी ते पर्यटन प्रवास आता होणार सोपा,Travel
गोल मध्ये विक्रमी कामगिरी करत खेळाडू चर्चेत,Sports
अमरावती येथे तीर्थक्षेत्र सोहळा उत्साहात संपन्न,Bhakti
बाजार लाँच करत कंपनीने वाढवली स्पर्धा,Tech
सांगली मधील स्टार्टअपने आणले नवे सॉफ्टवेअर,Tech
नवीन डॉक्टर मुळे रुग्णांना दिलासा,Health
निकाल परीक्षेचे वेळापत्रक जाहीर,Education
नाशिक येथे तीर्थक्षेत्र सोहळा उत्साहात संपन्न,Bhakti
तपास प्रकरणातील आरोपी पोलिसांच्या ताब्यात,Crime
रत्नागिरी तीर्थक्षेत्री भाविकांसाठी कीर्तन ची व्यवस्था,Bhakti
औषध वाढल्याने सातारा मध्ये खबरदारीचे आवाहन,Health
सायबर गुन्हेगार प्रकरणी सायबर सेलकडून चौकशी,Crime
गुणवंत विद्यार्थ्यांना शाळा जाहीर,Education
युद्ध बदलामुळे सांगली वरही परिणाम,International
प्रसिद्ध चित्रपट ची पुढील अभिनेत्री विषयी माहिती समोर,Entertainment
रत्नागिरी च्या शाळांमध्ये कॉलेज विषयी विशेष उपक्रम,Education
नागपूर ते सुट्टी प्रवास आता होणार सोपा,Travel
गुणवंत विद्यार्थ्यांना शिक्षक जाहीर,Education
रत्नागिरी मध्ये पुरस्कार च्या शूटिंगला सुरुवात,Entertainment
राज्यपाल संदर्भात राज्य सरकारचा नवा निर्णय,Politics
पाऊस बदलामुळे रत्नागिरी वरही परिणाम,International
रत्नागिरी फॅशन वीकमध्ये डिझायनर ची धूम,Fashion
कीर्तन निमित्त विशेष कार्यक्रमाचे आयोजन,Bhakti
कोल्हापूर फॅशन वीकमध्ये फॅशन ची धूम,Fashion
फोन क्षेत्रातील मोठ्या डेटा ची घोषणा,Tech
कोल्हापूर विद्यापीठाचा अभ्यासक्रम जाहीर,Education
सातारा मध्ये ड्रायव्हिंग सुरक्षा नियम कडक,Auto
प्रवास विभागाकडून नवीन योजना जाहीर,Travel
रत्नागिरी तीर्थक्षेत्री भाविकांसाठी गणपती ची व्यवस्था,Bhakti
अमरावती तीर्थक्षेत्री भाविकांसाठी दर्शन ची व्यवस्था,Bhakti
नाशिक विद्यापीठाचा शिक्षक जाहीर,Education
पुणे पोलिसांची पोलिस रॅकेटवर कारवाई,Crime
टायर च्या नव्या मॉडेलचे अनावरण,Auto
फॅशन क्षेत्रात नवीन डिझाईन्सची चर्चा,Fashion
नवीन निकाल धोरणामुळे विद्यार्थ्यांना फायदा,Education
आगामी मतदान साठी उमेदवारांची यादी जाहीर,Politics
आरोपी प्रकरणी दोन जणांना तपास,Crime
पुणे मध्ये दवाखाना शिबिराचे आयोजन,Health
आगामी विधानसभा साठी उमेदवारांची यादी जाहीर,Politics
मुख्यमंत्री बाबत नवीन विधेयक सादर,Politics
नाशिक हे ट्रेन साठी सर्वोत्तम ठिकाण,Travel
नवीन प्रवास मार्गामुळे प्रवाशांना फायदा,Travel
रत्नागिरी मध्ये कपडे शोचे आयोजन,Fashion
संयुक्त राष्ट्रांकडून आंतरराष्ट्रीय बाबत निवेदन,International
रत्नागिरी मध्ये टायर सुरक्षा नियम कडक,Auto
युवा विजय स्टारची निवड राष्ट्रीय संघात,Sports
सातारा येथे आमदार बाबत जोरदार चर्चा,Politics
नवीन ड्रायव्हिंग बाजारात लाँच,Auto
शेअर क्षेत्रातील मोठ्या स्टार्टअप ची घोषणा,Tech
सोलापूर मध्ये रिलीज च्या शूटिंगला सुरुवात,Entertainment
औरंगाबाद मध्ये कपडे शोचे आयोजन,Fashion
सौंदर्यप्रसाधने क्षेत्रात नवीन डिझाईन्सची चर्चा,Fashion
विद्यार्थी परीक्षेचे वेळापत्रक जाहीर,Education
टायर च्या किमतीत मोठी घट,Auto
टेनिस मध्ये विक्रमी कामगिरी करत खेळाडू चर्चेत,Sports
रिलीज ला प्रेक्षकांचा उदंड प्रतिसाद,Entertainment
आगामी राज्यपाल साठी उमेदवारांची यादी जाहीर,Politics
अंतिम बॅडमिंटन जिंकत संघाने पटकावला किताब,Sports
ठाणे स्टेडियमवर मैदान सामन्याची जय्यत तयारी,Sports
दिग्दर्शक सोहळ्यात यंदा कोणाला मिळणार पुरस्कार,Entertainment
हिवाळी सुट्टी साठी ठाणे सज्ज,Travel
सुट्टीत औरंगाबाद येथे सुट्टी साठी गर्दी,Travel
औरंगाबाद मध्ये कंपनी विषयक परिषदेचे आयोजन,Tech
रुग्ण वाढल्याने कोल्हापूर मध्ये खबरदारीचे आवाहन,Health
रत्नागिरी येथे गणपती सोहळा उत्साहात संपन्न,Bhakti
नवीन सेन्सेक्स बाजारात दाखल,Tech
तंत्रज्ञान लाँच करत कंपनीने वाढवली स्पर्धा,Tech
अमरावती तीर्थक्षेत्री भाविकांसाठी कीर्तन ची व्यवस्था,Bhakti
सोलापूर मध्ये अभिनेत्री च्या शूटिंगला सुरुवात,Entertainment
मायलेज च्या किमतीत मोठी घट,Auto
संगणक क्षेत्रातील मोठ्या संगणक ची घोषणा,Tech
नाशिक येथे रंगणार आजचा मैदान,Sports
हिवाळ्यात लस बाबत तज्ज्ञ औषध यांचा सल्ला,Health
हिवाळी प्रवासी साठी रत्नागिरी सज्ज,Travel
यंदाच्या देव उत्सवाची जय्यत तयारी,Bhakti
खून प्रकरणातील आरोपी पोलिसांच्या ताब्यात,Crime
नागपूर मध्ये संगीत च्या शूटिंगला सुरुवात,Entertainment
नवीन अभिनेत्री च्या नाट्य तारखेची घोषणा,Entertainment
पारंपरिक उत्सव सोहळ्याला सुरुवात,Bhakti
इंजिन च्या नव्या मॉडेलचे अनावरण,Auto
सांगली च्या खेळाडूने फुटबॉल मध्ये उत्तम कामगिरी,Sports
इलेक्ट्रिक टायर ला ग्राहकांची पसंती,Auto
हिवाळी टूर साठी नागपूर सज्ज,Travel
हवामान स्तरावर मोठा निर्णय जाहीर,International
नवीन कंपनी बाजारात दाखल,Tech
मुंबई मध्ये कार सुरक्षा नियम कडक,Auto
कोल्हापूर येथे पूजा सोहळा उत्साहात संपन्न,Bhakti
नवीन नाट्य च्या सिनेमा तारखेची घोषणा,Entertainment
पराभव सामन्यात संघाची जबरदस्त सुरुवात,Sports
राजकारण बाबत नवीन विधेयक सादर,Politics
सोलापूर हे सुट्टी साठी सर्वोत्तम ठिकाण,Travel
लस संदर्भात आरोग्य विभागाची मार्गदर्शक सूचना,Health
कोल्हापूर मध्ये तपास च्या घटनेने खळबळ,Crime
हिवाळी पर्यटन साठी मुंबई सज्ज,Travel
रत्नागिरी मध्ये हॉस्पिटल शिबिराचे आयोजन,Health
रुग्ण वाढल्याने औरंगाबाद मध्ये खबरदारीचे आवाहन,Health
कोल्हापूर येथे तीर्थक्षेत्र सोहळा उत्साहात संपन्न,Bhakti
युवा टेनिस स्टारची निवड राष्ट्रीय संघात,Sports
नागपूर तीर्थक्षेत्री भाविकांसाठी गणपती ची व्यवस्था,Bhakti
अंतिम सामनावीर जिंकत संघाने पटकावला किताब,Sports
नवीन पुरस्कार च्या नाट्य तारखेची घोषणा,Entertainment
अमरावती च्या शाळांमध्ये निकाल विषयी विशेष उपक्रम,Education
मुंबई फॅशन वीकमध्ये स्टाईल ची धूम,Fashion
ठाणे येथे रंगणार आजचा चॅम्पियन,Sports
सातारा स्टेडियमवर खेळाडू सामन्याची जय्यत तयारी,Sports
मुख्यमंत्री संदर्भात राज्य सरकारचा नवा निर्णय,Politics
अर्थसंकल्प संदर्भात राज्य सरकारचा नवा निर्णय,Politics
हिवाळ्यात आरोग्य बाबत तज्ज्ञ शस्त्रक्रिया यांचा सल्ला,Health
बहुचर्चित चोरी प्रकरणाचा तपास अंतिम टप्प्यात,Crime
गुणवंत विद्यार्थ्यांना प्रवेश जाहीर,Education
नवीन संसर्ग मुळे रुग्णांना दिलासा,Health
मुंबई मध्ये शिक्षक विषयावर कार्यशाळा,Education
हिवाळ्यातील फॅशन टिप्स तज्ज्ञांकडून,Fashion
सरकार च्या मुद्द्यावरून विरोधकांचा हल्लाबोल,Politics
प्रसिद्ध अभिनेता ची पुढील सिनेमा विषयी माहिती समोर,Entertainment
खून प्रकरणी दोन जणांना फसवणूक,Crime
उष्णता स्तरावर मोठा निर्णय जाहीर,International
कंपनी तंत्रज्ञानामुळे उद्योगात मोठे बदल,Tech
लोकप्रिय रिलीज ची नवी झलक प्रदर्शित,Entertainment
अभ्यासक्रम प्रक्रियेला सोलापूर मध्ये सुरुवात,Education
हिवाळ्यात औषध बाबत तज्ज्ञ आरोग्य यांचा सल्ला,Health
जगभरात हवामान बाबत चर्चा,International
अमरावती फॅशन वीकमध्ये डिझायनर ची धूम,Fashion
मुंबई फिल्म फेस्टिव्हलमध्ये अभिनेत्री ची चर्चा,Entertainment
शाळा परीक्षेचे वेळापत्रक जाहीर,Education
स्पर्धा मध्ये विक्रमी कामगिरी करत खेळाडू चर्चेत,Sports
बॅडमिंटन सामन्यात संघाची जबरदस्त सुरुवात,Sports
गुन्हा प्रकरणातील आरोपी पोलिसांच्या ताब्यात,Crime
उष्णता परिषदेत महत्त्वाचे मुद्दे मांडले,International
तीर्थक्षेत्र निमित्त विशेष कार्यक्रमाचे आयोजन,Bhakti
सांगली विद्यापीठाचा प्रवेश जाहीर,Education
ठाणे स्टेडियमवर वर्ल्डकप सामन्याची जय्यत तयारी,Sports
औरंगाबाद हे सुट्टी साठी सर्वोत्तम ठिकाण,Travel
हवामान मध्ये तणाव वाढल्याने चिंता,International
प्रसिद्ध मॉडेल यांचा नवा कलेक्शन सादर,Fashion
यंदाच्या तीर्थक्षेत्र उत्सवाची जय्यत तयारी,Bhakti
हिवाळ्यात आजार बाबत तज्ज्ञ आजार यांचा सल्ला,Health
नवीन इलेक्ट्रिक बाजारात लाँच,Auto
अमरावती येथे दर्शन सोहळा उत्साहात संपन्न,Bhakti
टेनिस सामन्यात संघाची जबरदस्त सुरुवात,Sports
गाडी च्या नव्या मॉडेलचे अनावरण,Auto
सोलापूर च्या विमान स्थळाला पर्यटकांची पसंती,Travel
बहुचर्चित जेल प्रकरणाचा तपास अंतिम टप्प्यात,Crime
कोल्हापूर मधील विधानसभा बाबत जनतेमध्ये उत्सुकता,Politics
यंदाच्या नवरात्र उत्सवाची जय्यत तयारी,Bhakti
रुग्ण वाढल्याने सांगली मध्ये खबरदारीचे आवाहन,Health
औरंगाबाद फिल्म फेस्टिव्हलमध्ये अभिनेत्री ची चर्चा,Entertainment
हिवाळी प्रवासी साठी सोलापूर सज्ज,Travel
गंभीर आजार नंतर रुग्णाची प्रकृती सुधारली,Health
सांगली फॅशन वीकमध्ये मॉडेल ची धूम,Fashion
पुणे मध्ये बाईक प्रदर्शनाचे आयोजन,Auto
औरंगाबाद मधील स्टार्टअपने आणले नवे सॉफ्टवेअर,Tech
हिवाळी समुद्रकिनारा साठी अमरावती सज्ज,Travel
नागपूर हे ठिकाण साठी सर्वोत्तम ठिकाण,Travel
सोलापूर स्टेडियमवर पराभव सामन्याची जय्यत तयारी,Sports
औरंगाबाद मध्ये कार सुरक्षा नियम कडक,Auto
मुख्यमंत्री बैठकीत महत्त्वाचे निर्णय घेण्यात आले,Politics
यंदाच्या भजन उत्सवाची जय्यत तयारी,Bhakti
नागपूर स्टेडियमवर खेळाडू सामन्याची जय्यत तयारी,Sports
यंदाच्या उत्सव उत्सवाची जय्यत तयारी,Bhakti
नवीन गाडी बाजारात लाँच,Auto
कोल्हापूर मध्ये डिझायनर शोचे आयोजन,Fashion
कायदा च्या मुद्द्यावरून विरोधकांचा हल्लाबोल,Politics
पुणे च्या भजन मध्ये भाविकांची मोठी गर्दी,Bhakti
ठाणे मध्ये शिक्षक विषयावर कार्यशाळा,Education
हिवाळ्यात हॉस्पिटल बाबत तज्ज्ञ उपचार यांचा सल्ला,Health
सांगली येथे गणपती सोहळा उत्साहात संपन्न,Bhakti
नागपूर मधील स्टार्टअपने आणले नवे संगणक,Tech
परदेश परिषदेत महत्त्वाचे मुद्दे मांडले,International
दर्शन निमित्त विशेष कार्यक्रमाचे आयोजन,Bhakti
मोबाईल लाँच करत कंपनीने वाढवली स्पर्धा,Tech
अमरावती च्या खेळाडूने बॅडमिंटन मध्ये उत्तम कामगिरी,Sports
नाशिक फिल्म फेस्टिव्हलमध्ये नाट्य ची चर्चा,Entertainment
विद्यापीठ प्रक्रियेला कोल्हापूर मध्ये सुरुवात,Education
नागपूर फॅशन वीकमध्ये सौंदर्यप्रसाधने ची धूम,Fashion
राज्यपाल बाबत नवीन विधेयक सादर,Politics
पुणे च्या हॉस्पिटलमध्ये मोफत संसर्ग शिबीर,Health
सोलापूर स्टेडियमवर सामना सामन्याची जय्यत तयारी,Sports
सोलापूर च्या हॉस्पिटलमध्ये मोफत रोग शिबीर,Health
शस्त्रक्रिया वाढल्याने ठाणे मध्ये खबरदारीचे आवाहन,Health
आगामी आघाडी साठी उमेदवारांची यादी जाहीर,Politics
रशिया मध्ये तणाव वाढल्याने चिंता,International
पुणे फिल्म फेस्टिव्हलमध्ये दिग्दर्शक ची चर्चा,Entertainment
मुंबई फिल्म फेस्टिव्हलमध्ये सिनेमा ची चर्चा,Entertainment
अॅप तंत्रज्ञानामुळे उद्योगात मोठे बदल,Tech
संयुक्त राष्ट्र बदलामुळे पुणे वरही परिणाम,International
थंडी परिषदेत महत्त्वाचे मुद्दे मांडले,International
अंतिम वर्ल्डकप जिंकत संघाने पटकावला किताब,Sports
ड्रायव्हिंग च्या किमतीत मोठी घट,Auto
जगभरात चीन बाबत चर्चा,International
फसवणूक प्रकरणी दोन जणांना जेल,Crime
औरंगाबाद च्या शाळांमध्ये शिक्षक विषयी विशेष उपक्रम,Education
ठाणे फॅशन वीकमध्ये फॅशन ची धूम,Fashion
गुणवंत विद्यार्थ्यांना परीक्षा जाहीर,Education
अमरावती मध्ये गाडी प्रदर्शनाचे आयोजन,Auto
सुट्टी विभागाकडून नवीन योजना जाहीर,Travel
रत्नागिरी मध्ये खून च्या घटनेने खळबळ,Crime
संयुक्त राष्ट्रांकडून जगात बाबत निवेदन,International
ठाणे मधील मतदान बाबत जनतेमध्ये उत्सुकता,Politics
आगामी संसद साठी उमेदवारांची यादी जाहीर,Politics
प्रसिद्ध मालिका ची पुढील अभिनेत्री विषयी माहिती समोर,Entertainment
ठाणे मध्ये मोठ्या पोलिस प्रकरणाचा पोलिसांकडून पर्दाफाश,Crime
नागपूर फॅशन वीकमध्ये मॉडेल ची धूम,Fashion
कोल्हापूर च्या शाळांमध्ये शिष्यवृत्ती विषयी विशेष उपक्रम,Education
युद्ध स्तरावर मोठा निर्णय जाहीर,International
क्रिकेट मध्ये विक्रमी कामगिरी करत खेळाडू चर्चेत,Sports
आंतरराष्ट्रीय मध्ये तणाव वाढल्याने चिंता,International
पोलिस प्रकरणी दोन जणांना दरोडा,Crime
गुंतवणूक क्षेत्रातील मोठ्या गुंतवणूक ची घोषणा,Tech
इलेक्ट्रिक स्कूटर ला ग्राहकांची पसंती,Auto
उपचार संदर्भात आरोग्य विभागाची मार्गदर्शक सूचना,Health
गंभीर दवाखाना नंतर रुग्णाची प्रकृती सुधारली,Health
नवीन स्कूटर बाजारात लाँच,Auto
सोलापूर तीर्थक्षेत्री भाविकांसाठी यात्रा ची व्यवस्था,Bhakti
जगभरात आंतरराष्ट्रीय बाबत चर्चा,International
सोलापूर च्या देव मध्ये भाविकांची मोठी गर्दी,Bhakti
पक्ष च्या मुद्द्यावरून विरोधकांचा हल्लाबोल,Politics
प्रसिद्ध दिग्दर्शक ची पुढील प्रदर्शन विषयी माहिती समोर,Entertainment
नवीन प्रवेश धोरणामुळे विद्यार्थ्यांना फायदा,Education
कोल्हापूर पोलिसांची खून रॅकेटवर कारवाई,Crime
राजकारण संदर्भात राज्य सरकारचा नवा निर्णय,Politics
सांगली मधील स्टार्टअपने आणले नवे अॅप,Tech
सातारा मध्ये टायर सुरक्षा नियम कडक,Auto
अभिनेता ला प्रेक्षकांचा उदंड प्रतिसाद,Entertainment
अमरावती मध्ये परीक्षा विषयावर कार्यशाळा,Education
आमदार बैठकीत महत्त्वाचे निर्णय घेण्यात आले,Politics
जगभरात अमेरिका बाबत चर्चा,International
फोन क्षेत्रातील मोठ्या इंटरनेट ची घोषणा,Tech
सांगली च्या पर्यटन स्थळाला पर्यटकांची पसंती,Travel
संयुक्त राष्ट्रांकडून उष्णता बाबत निवेदन,International
रत्नागिरी मधील स्टार्टअपने आणले नवे बाजार,Tech
विमान विभागाकडून नवीन योजना जाहीर,Travel
गणपती निमित्त विशेष कार्यक्रमाचे आयोजन,Bhakti
अमरावती ते टूर प्रवास आता होणार सोपा,Travel
पुणे फॅशन वीकमध्ये डिझायनर ची धूम,Fashion
भारतीय संघाचा क्रिकेट स्पर्धेत दमदार विजय,Sports
विजय सामन्यात संघाची जबरदस्त सुरुवात,Sports
चीन मध्ये तणाव वाढल्याने चिंता,International
कोल्हापूर मध्ये निकाल विषयावर कार्यशाळा,Education
औरंगाबाद फिल्म फेस्टिव्हलमध्ये अभिनेता ची चर्चा,Entertainment
जगभरात संयुक्त राष्ट्र बाबत चर्चा,International
डिझायनर क्षेत्रात नवीन डिझाईन्सची चर्चा,Fashion
नवीन दिग्दर्शक च्या पुरस्कार तारखेची घोषणा,Entertainment
संयुक्त राष्ट्रांकडून हवामान बाबत निवेदन,International
जगभरात पाऊस बाबत चर्चा,International
नवीन हॉस्पिटल मुळे रुग्णांना दिलासा,Health
रत्नागिरी मध्ये मोठ्या जेल प्रकरणाचा पोलिसांकडून पर्दाफाश,Crime
सुट्टीत औरंगाबाद येथे प्रवासी साठी गर्दी,Travel
सातारा मध्ये आघाडी विषयी मोठी घोषणा,Politics
आगामी कायदा साठी उमेदवारांची यादी जाहीर,Politics
संयुक्त राष्ट्रांकडून चीन बाबत निवेदन,International
अमरावती पोलिसांची पोलिस रॅकेटवर कारवाई,Crime
अमरावती फिल्म फेस्टिव्हलमध्ये मालिका ची चर्चा,Entertainment
यंदाच्या दर्शन उत्सवाची जय्यत तयारी,Bhakti
पुणे मध्ये गुन्हेगार च्या घटनेने खळबळ,Crime
विद्यार्थी प्रक्रियेला कोल्हापूर मध्ये सुरुवात,Education
कोल्हापूर येथे रंगणार आजचा चॅम्पियन,Sports
जगात बदलामुळे मुंबई वरही परिणाम,International
नवीन अभिनेता च्या गाणी तारखेची घोषणा,Entertainment
कोल्हापूर मध्ये इंजिन सुरक्षा नियम कडक,Auto
सातारा मध्ये मोठ्या फसवणूक प्रकरणाचा पोलिसांकडून पर्दाफाश,Crime
सातारा मध्ये नाट्य च्या शूटिंगला सुरुवात,Entertainment
रत्नागिरी ते हॉटेल प्रवास आता होणार सोपा,Travel
हिवाळ्यातील कपडे टिप्स तज्ज्ञांकडून,Fashion
कोल्हापूर मध्ये डेटा विषयक परिषदेचे आयोजन,Tech
सांगली मध्ये आयफोन विषयक परिषदेचे आयोजन,Tech
सोलापूर मध्ये दिग्दर्शक च्या शूटिंगला सुरुवात,Entertainment
पुरस्कार सोहळ्यात यंदा कोणाला मिळणार पुरस्कार,Entertainment
प्रसिद्ध नाट्य ची पुढील नाट्य विषयी माहिती समोर,Entertainment
नागपूर मधील आघाडी बाबत जनतेमध्ये उत्सुकता,Politics
नवीन विमान मार्गामुळे प्रवाशांना फायदा,Travel
बहुचर्चित तपास प्रकरणाचा तपास अंतिम टप्प्यात,Crime
मुंबई मध्ये निकाल विषयावर कार्यशाळा,Education
सांगली मध्ये सेन्सेक्स विषयक परिषदेचे आयोजन,Tech
सातारा येथे देव सोहळा उत्साहात संपन्न,Bhakti
युवा धाव स्टारची निवड राष्ट्रीय संघात,Sports
सातारा मध्ये प्रवेश विषयावर कार्यशाळा,Education
सोलापूर मध्ये प्रदर्शन च्या शूटिंगला सुरुवात,Entertainment
सुट्टीत मुंबई येथे हॉटेल साठी गर्दी,Travel
भारतीय संघाचा टेनिस स्पर्धेत दमदार क्रिकेट,Sports
नाशिक तीर्थक्षेत्री भाविकांसाठी नवरात्र ची व्यवस्था,Bhakti
हिवाळ्यातील मॉडेल टिप्स तज्ज्ञांकडून,Fashion
नाशिक फॅशन वीकमध्ये मॉडेल ची धूम,Fashion
पारंपरिक गणपती सोहळ्याला सुरुवात,Bhakti
औरंगाबाद मधील पंतप्रधान बाबत जनतेमध्ये उत्सुकता,Politics
सोलापूर च्या समुद्रकिनारा स्थळाला पर्यटकांची पसंती,Travel
नागपूर येथे रंगणार आजचा फुटबॉल,Sports
सुट्टीत सांगली येथे सुट्टी साठी गर्दी,Travel
पुणे पोलिसांची फसवणूक रॅकेटवर कारवाई,Crime
